Round 11: Hungary,,,,,,,,,,,,,,,,,,,,,,,,,,,,,,,,,,,,,,,
,,,,,,,,,,,,,,,,,,,,,,,,,,,,,,,,,,,,,,,
,,,,,,,,,,,,,,,,,,,,,,,,,,,,,,,,,,,,,,,
PREDICTIONS DUE: Jul 24,,,,,,,,,,,,,,,,,,,,,,,,,,,,,,,,,,,,,,,
,,,,,,,,,,,,,,,,,,,,,,,,,,,,,,,,,,,,,,,
,FP1,,,,,,,,FP2,,,,,,,,FP3,,,,,,,,QUALI,,,,,,,,RACE,,,,,,
Position,Result,Dad,Mom,Quincey,Wynn,Paige,Rees,Position,Result,Dad,Mom,Quincey,Wynn,Paige,Rees,Position,Result,Dad,Mom,Quincey,Wynn,Paige,Rees,Position,Result,Dad,Mom,Quincey,Wynn,Paige,Rees,Position,Result,Dad,Mom,Quincey,Wynn,Paige,Rees
1,Leclerc,Leclerc,Hamilton,Norris,Incomplete,Hamilton,Antonelli,1,Hamilton,Norris,Hamilton,Hamilton,Incomplete,Hamilton,Verstappen,1,Norris,Leclerc,Leclerc,Norris,Incomplete,Antonelli,Hamilton,1,Norris,Leclerc,Hamilton,Antonelli,Incomplete,Hamilton,Antonelli,1,Norris,Antonelli,Hamilton,Antonelli,Incomplete,Antonelli,Antonelli
2,Verstappen,Antonelli,Antonelli,Hamilton,Incomplete,Verstappen,Hamilton,2,Leclerc,Russell,Antonelli,Leclerc,Incomplete,Norris,Antonelli,2,Hamilton,Hamilton,Antonelli,Leclerc,Incomplete,Hamilton,Antonelli,2,Hamilton,Antonelli,Antonelli,Verstappen,Incomplete,Antonelli,Hamilton,2,Verstappen,Hamilton,Antonelli,Norris,Incomplete,Hamilton,Hamilton
3,Hamilton,Hamilton,Leclerc,Antonelli,Incomplete,Leclerc,Leclerc,3,Norris,Antonelli,Verstappen,Verstappen,Incomplete,Leclerc,Hamilton,3,Antonelli,Antonelli,Hamilton,Antonelli,Incomplete,Leclerc,Leclerc,3,Leclerc,Hamilton,Leclerc,Norris,Incomplete,Leclerc,Russell,3,Antonelli,Leclerc,Leclerc,Verstappen,Incomplete,Verstappen,Russell
,SCORE,,,,,,,,SCORE,,,,,,,,SCORE,,,,,,,4,Antonelli,Russell,Verstappen,Russell,Incomplete,Norris,Leclerc,4,Leclerc,Russell,Verstappen,Russell,Incomplete,Leclerc,Verstappen
,,,,,,,,,,,,,,,,,,,,,,,,5,Piastri,Verstappen,Russell,Leclerc,Incomplete,Verstappen,Norris,5,Hamilton,Verstappen,Russell,Leclerc,Incomplete,Norris,Piastri
,,,,,,,,,,,,,,,,,,,,,,,,6,Verstappen,Norris,Norris,Hamilton,Incomplete,Russell,Piastri,6,Hadjar,Norris,Piastri,Hamilton,Incomplete,Hadjar,Leclerc
,Other predictions:,,,,,,,Result,SCORE,,,,,,,,,,,,,,,7,Russell,Hadjar,Hadjar,Hadjar,Incomplete,Piastri,Verstappen,7,Russell,Piastri,Hadjar,Piastri,Incomplete,Russell,Norris
Dad,1),Aston will finish the race better than 2 teams,,,,,,TRUE,3,,,,,,,,,,,,,,,8,Hadjar,Piastri,Piastri,Piastri,Incomplete,Lawson,Lawson,8,Lawson,Hadjar,Norris,Hadjar,Incomplete,Piastri,Lawson
,2),My lander will drive a new model Mercedes safety car for the first time this weekend. ,,,,,,FALSE,,,,,,,,,,,,,,,,9,Lindblad,Lawson,Gasly,Lindblad,Incomplete,Lindblad,Bortoleto,9,Hulkenburg,Lawson,Gasly,Lindblad,Incomplete,Lawson,Gasly
,3),,,,,,,FALSE,,,,,,,,,,,,,,,,10,Hulkenburg,Lindblad,Lindblad,Gasly,Incomplete,Bortoleto,Gasly,10,Lindblad,Lindblad,Lawson,Lawson,Incomplete,Bortoleto,Colapinto
Mom,1),,,,,,,FALSE,0,,,,,,,,,,,,,,,,SCORE,,,,,,,11,Bortoleto,Gasly,Lindblad,Gasly,Incomplete,Lindblad,Bortoleto
,2),,,,,,,FALSE,,,,,,,,,,,,,,,,,,,,,,,,12,Gasly,Colapinto,Colapinto,Bortoleto,Incomplete,Hulkenburg,Lindblad
,3),,,,,,,FALSE,,,,,,,,,,,,,,,,,,,,,,,,13,Stroll,Ocon,Bortoleto,Colapinto,Incomplete,Gasly,Hulkenburg
Quincey,1),A racing bull finishes better than a red bull in both qualifying and the race. ,,,,,,FALSE,0,,,,,,,,,,,,,,,,,,,,,,,14,Alonso,Bearman,Ocon,Bearman,Incomplete,Albon,Ocon
,2),Half or more of Q3 is midfield/backfield teams. ,,,,,,FALSE,,,,,,,,,,,,,,,,,,,,,,,,15,Colapinto,Bortoleto,Hulkenburg,Hulkenburg,Incomplete,Bearman,Albon
,3),Both Williams cars cause another person to DNF in the race,,,,,,FALSE,,,,,,,,,,,,,,,,,,,,,,,,16,Ocon,Hulkenburg,Alonso,Sainz,Incomplete,Sainz,Bearman
Wynn,1),,,,,,,FALSE,0,,,,,,,,,,,,,,,,,,,,,,,17,Albon,Alonso,Sainz,Albon,Incomplete,Perez,Bottas
,2),,,,,,,FALSE,,,,,,,,,,,,,,,,,,,,,,,,18,Sainz,Albon,Stroll,Perez,Incomplete,Alonso,Alonso
,3),,,,,,,FALSE,,,,,,,,,,,,,,,,,,,,,,,,19,Bearman,Stroll,Bearman,Alonso,Incomplete,Bottas,Perez
Paige,1),Ferrari will have a strategy fail that is ultimately causes a driver to miss out on a podium ,,,,,,FALSE,3,,,,,,,,,,,,,,,,,,,,,,,20,Piastri,Sainz,Albon,Stroll,Incomplete,Stroll,Hadjar
,2),Hadjar will finish higher than both racing bulls for EVERY session this weekend,,,,,,TRUE,,,,,,,,,,,,,,,,,,,,,,,,21,Perez,Perez,Bottas,Bottas,Incomplete,Ocon,Stroll
,3),VESTI COMEBACK finishes top 5 in the practice session he's in,,,,,,FALSE,,,,,,,,,,,,,,,,,,,,,,,,22,Bottas,Bottas,Perez,Ocon,Incomplete,Colapinto,Sainz
Rees,1),George not in top 3 of any practice sessions,,,,,,TRUE,3,,,,,,,,,,,,,,,,,,,,,,,,SCORE,,,,,,
,2),Alexandra Leclerc shown during race,,,,,,FALSE,,,,,,,,,,,,,,,,,,,,,,,,,,,,,,,
,3),Antonelli almost gets penalized for track limits,,,,,,FALSE,,,,,,,,,,,,,,,,,,,,,,,,,,,,,,,