Round 1: Australia,,,,,,,,,,,,,,,,,,,,,,,,,,,,,,,,,,,,,,,
,,,,,,,,,,,,,,,,,,,,,,,,,,,,,,,,,,,,,,,
,,,,,,,,,,,,,,,,,,,,,,,,,,,,,,,,,,,,,,,
PREDICTIONS DUE: March 5 6:29 PM,,,,,,,,,,,,,,,,,,,,,,,,,,,,,,,,,,,,,,,
,,,,,,,,,,,,,,,,,,,,,,,,,,,,,,,,,,,,,,,
,FP1,,,,,,,,FP2,,,,,,,,FP3,,,,,,,,QUALI,,,,,,,,RACE,,,,,,
Position,Result,Dad,Mom,Quincey,Wynn,Paige,Rees,Position,Result,Dad,Mom,Quincey,Wynn,Paige,Rees,Position,Result,Dad,Mom,Quincey,Wynn,Paige,Rees,Position,Result,Dad,Mom,Quincey,Wynn,Paige,Rees,Position,Result,Dad,Mom,Quincey,Wynn,Paige,Rees
1,Leclerc,Norris,Russell,Leclerc,Hamilton,Hamilton,Piastri,1,Piastri,Russell,Verstappen,Norris,Verstappen,Norris,Verstappen,1,Russell,Russell,Russell,Russell,Norris,Russell,Norris,1,Russell,Verstappen,Russell,Leclerc,Verstappen,Russell,Piastri,1,Russell,Verstappen,Russell,Russell,Russell,Russell,Piastri
2,Hamilton,Piastri,Leclerc,Hamilton,Russell,Leclerc,Leclerc,2,Antonelli,Antonelli,Russell,Hamilton,Russell,Antonelli,Russell,2,Hamilton,Norris,Verstappen,Leclerc,Piastri,Verstappen,Antonelli,2,Antonelli,Russell,Verstappen,Piastri,Norris,Leclerc,Russell,2,Antonelli,Russell,Verstappen,Leclerc,Verstappen,Leclerc,Russell
3,Verstappen,Russell,Verstappen,Antonelli,Piastri,Piastri,Verstappen,3,Russell,Leclerc,Leclerc,Piastri,Antonelli,Leclerc,Piastri,3,Leclerc,Leclerc,Norris,Verstappen,Verstappen,Hamilton,Russell,3,Hadjar,Piastri,Leclerc,Russell,Antonelli,Verstappen,Norris,3,Leclerc,Piastri,Leclerc,Verstappen,Hamilton,Verstappen,Verstappen
,SCORE,0,4,6,1,2,4,,SCORE,4,1,1,2,3,2,,SCORE,6,3,4,0,4,1,4,Leclerc,Leclerc,Hamilton,Verstappen,Russell,Piastri,Verstappen,4,Hamilton,Leclerc,Hamilton,Hamilton,Piastri,Antonelli,Norris
,,,,,,,,,,,,,,,,,,,,,,,,5,Piastri,Antonelli,Norris,Hamilton,Hamilton,Hamilton,Leclerc,5,Norris,Antonelli,Norris,Antonelli,Antonelli,Hamilton,Leclerc
,,,,,,,,,,,,,,,,,,,,,,,,6,Norris,Norris,Piastri,Norris,Leclerc,Norris,Antonelli,6,Verstappen,Norris,Piastri,Norris,Leclerc,Norris,Hamilton
,Other predictions:,,,,,,,Result,SCORE,,,,,,,,,,,,,,,7,Hamilton,Hamilton,Hadjar,Antonelli,Piastri,Antonelli,Hamilton,7,Bearman,Hamilton,Hadjar,Piastri,Norris,Piastri,Antonelli
Dad,1),Lindblad DNF,,,,,,FALSE,0,,,,,,,,,,,,,,,8,Lawson,Hadjar,Sainz,Gasly,Sainz,Gasly,Albon,8,Lindblad,Hadjar,Sainz,Ocon,Sainz,Bearman,Sainz
,2),One of the Ferrari drivers drops the F-bomb on TV,,,,,,FALSE,,,,,,,,,,,,,,,,9,Lindblad,Sainz,Hulkenburg,Hadjar,Bearman,Hadjar,Sainz,9,Bortoleto,Sainz,Hulkenburg,Gasly,Albon,Gasly,Albon
,3),Both Cadillac's finish 2 laps down,,,,,,FALSE,,,,,,,,,,,,,,,,10,Bortoleto,Albon,Antonelli,Albon,Hadjar,Bearman,Lawson,10,Gasly,Albon,Antonelli,Hadjar,Bearman,Hadjar,Bearman
Mom,1),Russel sprays champagne in Verstappens face while manically laughing,,,,,,FALSE,0,,,,,,,,,,,,,,,,SCORE,20,12,13,9,16,12,11,Ocon,Hulkenburg,Albon,Albon,Hadjar,Ocon,Lawson
,2),Linbland wipes tears from his eyes,,,,,,FALSE,,,,,,,,,,,,,,,,,,,,,,,,12,Albon,Bearman,Bortoleto,Lindblad,Lawson,Albon,Hulkenburg
,3),News is shared about Russel's girlfriend being in the hospital,,,,,,FALSE,,,,,,,,,,,,,,,,,,,,,,,,13,Lawson,Bortoleto,Alonso,Sainz,Hulkenburg,Lindblad,Lindblad
Quincey,1),Someone jumps 10 positions on the start,,,,,,FALSE,0,,,,,,,,,,,,,,,,,,,,,,,14,Colapinto,Ocon,Gasly,Bortoleto,Ocon,Hulkenburg,Ocon
,2),Kim Kardashian shown on screen,,,,,,FALSE,,,,,,,,,,,,,,,,,,,,,,,,15,Sainz,Lawson,Ocon,Bearman,Lindblad,Sainz,Hadjar
,3),Both Aston Martins DNS,,,,,,FALSE,,,,,,,,,,,,,,,,,,,,,,,,16,Perez,Lindblad,Lawson,Lawson,Gasly,Lawson,Bortoleto
Wynn,1),4 cars DNF,,,,,,TRUE,6,,,,,,,,,,,,,,,,,,,,,,,17,Stroll,Gasly,Colapinto,Hulkenburg,Perez,Perez,Gasly
,2),ferrari bad strat,,,,,,TRUE,,,,,,,,,,,,,,,,,,,,,,,,18,Alonso,Colapinto,Lindblad,Perez,Bortoleto,Colapinto,Colapinto
,3),2 cars high five and someone gets really mad ab it,,,,,,FALSE,,,,,,,,,,,,,,,,,,,,,,,,19,Bottas,Alonso,Stroll,Colapinto,Bottas,Bortoleto,Bottas
Paige,1),Both Aston Martins DNS (AND IM NOTJUST COPYING QUINCEY I SWEAR),,,,,,FALSE,6,,,,,,,,,,,,,,,,,,,,,,,20,Hadjar,Stroll,Bearman,Bottas,Colapinto,Bottas,Perez
,2),Leclerc goes to first on the start,,,,,,TRUE,,,,,,,,,,,,,,,,,,,,,,,,21,Piastri,Bottas,Bottas,Stroll,Alonso,Stroll,Alonso
,3),Williams mechanical issue,,,,,,TRUE,,,,,,,,,,,,,,,,,,,,,,,,22,Hulkenburg,Perez,Perez,Alonso,Stroll,Alonso,Stroll
Rees,1),A racing bulls causes a collision/contact,,,,,,FALSE,0,,,,,,,,,,,,,,,,,,,,,,,,SCORE,80,160,145,135,215,115
,2),Ferrari swap drivers,,,,,,FALSE,,,,,,,,,,,,,,,,,,,,,,,,,,,,,,,
,3),McLaren slow stop,,,,,,FALSE,,,,,,,,,,,,,,,,,,,,,,,,,,,,,,,
,,,,,,,,,,,,,,,,,,,,,,,,,,,,,,,,,,,,,,,
,,,,,,,,,,,,,,,,,,,,,,,,,,,,,,,,,,,,,,,
,,,,,,,,,,,,Score By Session,,,,,,,,,,,,,,,,,,,,,,,,,,,
,,,,,,,,,,,,,,,,,,,,,,,,,,,,,,,,,,,,,,,
,,,,,,,,,,,,,,,,,,,,,,,,,,,,,,,,,,,,,,,
,,,,,,,,,,,,Session,Dad,Mom,Quincey,Wynn,Paige,Rees,,,,,,,,,,,,,,,,,,,,,
,,,,,,,,,,,,FP1,0,4,6,1,2,4,,,,,,,,,,,,,,,,,,,,,
,,,,,,,,,,,,FP2,4,1,1,2,3,2,,,,,,,,,,,,,,,,,,,,,
,,,,,,,,,,,,FP3,6,3,4,0,4,1,,,,,,,,,,,,,,,,,,,,,
,,,,,,,,,,,,Quali,20,12,13,9,16,12,,,,,,,,,,,,,,,,,,,,,
,,,,,,,,,,,,Race,80,160,145,135,215,115,,,,,,,,,,,,,,,,,,,,,
,,,,,,,,,,,,Bonus,0,0,0,6,3,0,,,,,,,,,,,,,,,,,,,,,
,,,,,,,,,,,,TOTAL SCORE,110,180,169,153,243,134,,,,,,,,,,,,,,,,,,,,,