Round 3: Japan,,,,,,,,,,,,,,,,,,,,,,,,,,,,,,,,,,,,,,,
,,,,,,,,,,,,,,,,,,,,,,,,,,,,,,,,,,,,,,,
,,,,,,,,,,,,,,,,,,,,,,,,,,,,,,,,,,,,,,,
PREDICTIONS DUE: March 26 8:29 PM,,,,,,,,,,,,,,,,,,,,,,,,,,,,,,,,,,,,,,,
,,,,,,,,,,,,,,,,,,,,,,,,,,,,,,,,,,,,,,,
,FP1,,,,,,,,FP2,,,,,,,,FP3,,,,,,,,QUALI,,,,,,,,RACE,,,,,,
Position,Result,Dad,Mom,Quincey,Wynn,Paige,Rees,Position,Result,Dad,Mom,Quincey,Wynn,Paige,Rees,Position,Result,Dad,Mom,Quincey,Wynn,Paige,Rees,Position,Result,Dad,Mom,Quincey,Wynn,Paige,Rees,Position,Result,Dad,Mom,Quincey,Wynn,Paige,Rees
1,Russell,Leclerc,Russell,Russell,Russell,Russell,Russell,1,Piastri,Hamilton,Russell,Russell,Russell,Antonelli,Antonelli,1,Antonelli,Russell,Russell,Leclerc,Antonelli,Russell,Russell,1,Antonelli,Antonelli,Russell,Russell,Russell,Russell,Russell,1,Antonelli,Hamilton,Russell,Russell,Russell,Russell,Russell
2,Antonelli,Hamilton,Antonelli,Leclerc,Leclerc,Leclerc,Antonelli,2,Antonelli,Bearman,Antonelli,Antonelli,Antonelli,Russell,Russell,2,Russell,Hamilton,Antonelli,Russell,Norris,Antonelli,Hamilton,2,Russell,Russell,Antonelli,Antonelli,Antonelli,Antonelli,Antonelli,2,Piastri,Russell,Antonelli,Antonelli,Antonelli,Antonelli,Antonelli
3,Norris,Gasly,Leclerc,Norris,Hamilton,Norris,Hamilton,3,Russell,Leclerc,Hamilton,Leclerc,Norris,Piastri,Hadjar,3,Leclerc,Antonelli,Leclerc,Norris,Verstappen,Norris,Antonelli,3,Piastri,Hamilton,Leclerc,Leclerc,Leclerc,Leclerc,Leclerc,3,Leclerc,Leclerc,Leclerc,Leclerc,Leclerc,Leclerc,Leclerc
,SCORE,0,6,6,3,6,6,,SCORE,0,4,4,4,3,2,,SCORE,2,5,4,3,2,2,4,Leclerc,Leclerc,Hamilton,Hamilton,Hamilton,Hamilton,Hamilton,4,Russell,Antonelli,Hamilton,Hamilton,Hamilton,Hamilton,Piastri
,,,,,,,,,,,,,,,,,,,,,,,,5,Norris,Verstappen,Norris,Norris,Verstappen,Norris,Piastri,5,Norris,Verstappen,Verstappen,Norris,Verstappen,Norris,Hamilton
,,,,,,,,,,,,,,,,,,,,,,,,6,Hamilton,Bearman,Piastri,Verstappen,Bearman,Piastri,Verstappen,6,Hamilton,Hadjar,Norris,Bearman,Norris,Piastri,Norris
,Other predictions:,,,,,,,Result,SCORE,,,,,,,,,,,,,,,7,Gasly,Hadjar,Hadjar,Bearman,Norris,Verstappen,Hadjar,7,Gasly,Bearman,Piastri,Piastri,Bearman,Bearman,Hadjar
Dad,1),Commentators will say the names of Alonzos wife and new baby,,,,,,FALSE,0,,,,,,,,,,,,,,,8,Hadjar,Lindblad,Verstappen,Piastri,Sainz,Bearman,Norris,8,Verstappen,Ocon,Hadjar,Lawson,Lawson,Verstappen,Lindblad
,2),Bearman and Hajjar will have an on-track battle and Bearman will win,,,,,,FALSE,,,,,,,,,,,,,,,,9,Bortoleto,Lawson,Sainz,Hadjar,Hadjar,Hadjar,Lindblad,9,Lawson,Sainz,Sainz,Verstappen,Piastri,Lawson,Verstappen
,,Someone will overtake another car flat-out through 130R,,,,,,FALSE,,,,,,,,,,,,,,,,10,Lindblad,Ocon,Albon,Gasly,Piastri,Gasly,Bearman,10,Ocon,Lindblad,Bortoleto,Hadjar,Hadjar,Hadjar,Bearman
Mom,1),,,,,,,,,,,,,,,,,,,,,,,,SCORE,22,14,15,10,15,10,11,Hulkenburg,Hulkenburg,Bearman,Lindblad,Gasly,Lindblad,Lawson
,2),,,,,,,,,,,,,,,,,,,,,,,,,,,,,,,12,Hadjar,Colapinto,Hulkenburg,Bortoleto,Sainz,Gasly,Gasly
,3),,,,,,,,,,,,,,,,,,,,,,,,,,,,,,,13,Bortoleto,Bortoleto,Bottas,Gasly,Colapinto,Ocon,Ocon
Quincey,1),Racing bulls are ahead of red bull in the constructors by the end of the week,,,,,,FALSE,0,,,,,,,,,,,,,,,,,,,,,,,14,Lindblad,Gasly,Lindblad,Hulkenburg,Bortoleto,Hulkenburg,Colapinto
,2),Both Audis finish in the points (I'm delusional),,,,,,FALSE,,,,,,,,,,,,,,,,,,,,,,,,15,Sainz,Piastri,Albon,Albon,Hulkenburg,Colapinto,Sainz
,3),Bearman gets his first podium,,,,,,FALSE,,,,,,,,,,,,,,,,,,,,,,,,16,Colapinto,Norris,Alonso,Colapinto,Lindblad,Bortoleto,Albon
Wynn,1),,,,,,,,,,,,,,,,,,,,,,,,,,,,,,,17,Perez,Lawson,Gasly,Sainz,Albon,Sainz,Hulkenburg
,2),,,,,,,,,,,,,,,,,,,,,,,,,,,,,,,18,Alonso,Perez,Perez,Ocon,Ocon,Perez,Bortoleto
,3),,,,,,,,,,,,,,,,,,,,,,,,,,,,,,,19,Bottas,Bottas,Colapinto,Perez,Perez,Albon,Perez
Paige,1),4 or more teams qualify with their drivers next to each other in the lineup (1-2 or 2-3 or 3-4 etc.),,,,,,TRUE,9,,,,,,,,,,,,,,,,,,,,,,,20,Albon,Albon,Ocon,Stroll,Bottas,Bottas,Bottas
,2),Most positions gained/lost by a driver over the race is under 6 positions (not counting DNFs),,,,,,TRUE,,,,,,,,,,,,,,,,,,,,,,,,21,Stroll,Alonso,Stroll,Bottas,Stroll,Stroll,Alonso
,3),Antonelli ahead of Russel in points by end of week,,,,,,TRUE,,,,,,,,,,,,,,,,,,,,,,,,22,Bearman,Stroll,Lawson,Alonso,Alonso,Alonso,Stroll
Rees,1),Alpine double points,,,,,,FALSE,0,,,,,,,,,,,,,,,,,,,,,,,,SCORE,190,170,170,155,200,145
,2),4+ dnf in sprint,,,,,,FALSE,,,,,,,,,,,,,,,,,,,,,,,,,,,,,,,
,3),Someone swears during an interview,,,,,,FALSE,,,,,,,,,,,,,,,,,,,,,,,,,,,,,,,