Round 6: Monaco,,,,,,,,,,,,,,,,,,,,,,,,,,,,,,,,,,,,,,,
,,,,,,,,,,,,,,,,,,,,,,,,,,,,,,,,,,,,,,,
,,,,,,,,,,,,,,,,,,,,,,,,,,,,,,,,,,,,,,,
PREDICTIONS DUE: ______,,,,,,,,,,,,,,,,,,,,,,,,,,,,,,,,,,,,,,,
,,,,,,,,,,,,,,,,,,,,,,,,,,,,,,,,,,,,,,,
,FP1,,,,,,,,FP2,,,,,,,,FP3,,,,,,,,QUALI,,,,,,,,RACE,,,,,,
Position,Result,Dad,Mom,Quincey,Wynn,Paige,Rees,Position,Result,Dad,Mom,Quincey,Wynn,Paige,Rees,Position,Result,Dad,Mom,Quincey,Wynn,Paige,Rees,Position,Result,Dad,Mom,Quincey,Wynn,Paige,Rees,Position,Result,Dad,Mom,Quincey,Wynn,Paige,Rees
1,Leclerc,Leclerc,Hamilton,Norris,Russell,Leclerc,Piastri,1,Hamilton,Antonelli,Hamilton,Norris,Antonelli,Leclerc,Leclerc,1,Antonelli,Hamilton,Hamilton,Leclerc,Leclerc,Leclerc,Leclerc,1,Antonelli,Leclerc,Hamilton,Leclerc,Russell,Leclerc,Leclerc,1,Antonelli,Leclerc,Hamilton,Leclerc,Russell,Leclerc,Hamilton
2,Hamilton,Norris,Leclerc,Hamilton,Leclerc,Hamilton,Hamilton,2,Leclerc,Russell,Leclerc,Russell,Russell,Hadjar,Verstappen,2,Leclerc,Leclerc,Leclerc,Russell,Hamilton,Hamilton,Piastri,2,Verstappen,Hamilton,Leclerc,Russell,Leclerc,Hamilton,Verstappen,2,Hamilton,Antonelli,Russell,Russell,Leclerc,Hamilton,Verstappen
3,Verstappen,Piastri,Russell,Russell,Verstappen,Verstappen,Norris,3,Verstappen,Leclerc,Russell,Antonelli,Leclerc,Russell,Hamilton,3,Hamilton,Russell,Russell,Antonelli,Norris,Russell,Hamilton,3,Hamilton,Antonelli,Russell,Hamilton,Antonelli,Russell,Hamilton,3,Gasly,Hamilton,Piastri,Hamilton,Antonelli,Antonelli,Leclerc
,SCORE,3,2,3,1,9,3,,SCORE,1,6,0,1,1,3,,SCORE,4,4,2,2,2,4,4,Leclerc,Russell,Antonelli,Antonelli,Hamilton,Verstappen,Norris,4,Hadjar,Russell,Leclerc,Antonelli,Hamilton,Verstappen,Russell
,,,,,,,,,,,,,,,,,,,,,,,,5,Hadjar,Norris,Piastri,Norris,Norris,Norris,Russell,5,Piastri,Norris,Verstappen,Norris,Verstappen,Russell,Verstappen
,,,,,,,,,,,,,,,,,,,,,,,,6,Russell,Piastri,Norris,Piastri,Verstappen,Antonelli,Antonelli,6,Lawson,Piastri,Norris,Piastri,Norris,Norris,Norris
,Other predictions:,,,,,,,Result,SCORE,,,,,,,,,,,,,,,7,Piastri,Verstappen,Verstappen,Verstappen,Piastri,Piastri,Piastri,7,Lindblad,Verstappen,Antonelli,Verstappen,Piastri,Piastri,Antonelli
Dad,1),It rains and Lindblad crashes out of a session in the wet,,,,,,FALSE,0,,,,,,,,,,,,,,,8,Norris,Hadjar,Hadjar,Hadjar,Sainz,Hadjar,Hadjar,8,Albon,Hadjar,Hadjar,Bearman,Bearman,Bearman,Piastri
,2),"Announcers mention Hamilton testing Ferrari's new $700000 electric car",,,,,,FALSE,,,,,,,,,,,,,,,,9,Gasly,Bortoleto,Sainz,Ocon,Hadjar,Bearman,Lawson,9,Ocon,Bortoleto,Bearman,Hadjar,Hadjar,Hadjar,Lawson
,3),"Someone crashes coming out of the tunnel into the Nouvelle Chicane causing a SC or Red Flag",,,,,,FALSE,,,,,,,,,,,,,,,,10,Lawson,Hulkenberg,Alonso,Bearman,Bearman,Ocon,Bearman,10,Alonso,Hulkenburg,Sainz,Ocon,Incomplete,Ocon,Gasly
Mom,1),Someone does a backflip off their car,,,,,,FALSE,0,,,,,,,,,,,,,,,,SCORE,11,11,14,15,15,24,11,Bortoleto,Gasly,Ocon,Hulkenburg,Incomplete,Lawson,Lindblad
,2),ToTo is seen on a yellow brick road,,,,,,FALSE,,,,,,,,,,,,,,,,,,,,,,,,12,Russell,Colapinto,Hulkenburg,Lindblad,Incomplete,Gasly,Bearman
,3),Hamilton's Mom passes out fresh baked cookies to the pit crew,,,,,,FALSE,,,,,,,,,,,,,,,,,,,,,,,,13,Hulkenburg,Bearman,Bortoleto,Colapinto,Incomplete,Colapinto,Hulkenburg
Quincey,1),Only overtakes during the race are on the start,,,,,,FALSE,3,,,,,,,,,,,,,,,,,,,,,,,14,Colapinto,Ocon,Lindblad,Gasly,Incomplete,Lindblad,Albon
,2),20+ shots of yachts (with no car footage) during the race,,,,,,TRUE,,,,,,,,,,,,,,,,,,,,,,,,15,Perez,Lawson,Albon,Albon,Incomplete,Hulkenburg,Sainz
,3),"Someone drops something important while on the podium (hat trophy champagne etc)",,,,,,FALSE,,,,,,,,,,,,,,,,,,,,,,,,16,Sainz,Sainz,Lawson,Sainz,Incomplete,Albon,Bortoleto
Wynn,1),,,,,,,FALSE,0,,,,,,,,,,,,,,,,,,,,,,,17,Leclerc,Albon,Alonso,Lawson,Incomplete,Bortoleto,Perez
,2),,,,,,,FALSE,,,,,,,,,,,,,,,,,,,,,,,,18,Stroll,Alonso,Bottas,Bortoleto,Incomplete,Sainz,Alonso
,3),,,,,,,FALSE,,,,,,,,,,,,,,,,,,,,,,,,19,Norris,Bottas,Colapinto,Stroll,Incomplete,Alonso,Bottas
Paige,1),Both Mercedes off the podium,,,,,,FALSE,3,,,,,,,,,,,,,,,,,,,,,,,20,Bearman,Perez,Stroll,Bottas,Incomplete,Perez,Stroll
,2),No crashes lead to someone being out,,,,,,FALSE,,,,,,,,,,,,,,,,,,,,,,,,21,Bottas,Stroll,Perez,Alonso,Incomplete,Stroll,Colapinto
,3),More experienced driver for 6- of the teams finish ahead of the other driver,,,,,,TRUE,,,,,,,,,,,,,,,,,,,,,,,,22,Verstappen,Lindblad,Gasly,Perez,Incomplete,Bottas,Ocon
Rees,1),Leclerc screams/yells on radio,,,,,,FALSE,0,,,,,,,,,,,,,,,,,,,,,,,,SCORE,105,60,95,60,90,95
,2),Antonelli hits wall,,,,,,FALSE,,,,,,,,,,,,,,,,,,,,,,,,,,,,,,,
,3),Leclerc gets pole but doesn't win,,,,,,FALSE,,,,,,,,,,,,,,,,,,,,,,,,,,,,,,,