Round 7: Barcelona-Catalunya,,,,,,,,,,,,,,,,,,,,,,,,,,,,,,,,,,,,,,,
,,,,,,,,,,,,,,,,,,,,,,,,,,,,,,,,,,,,,,,
,,,,,,,,,,,,,,,,,,,,,,,,,,,,,,,,,,,,,,,
PREDICTIONS DUE: June 12th 5:30 AM,,,,,,,,,,,,,,,,,,,,,,,,,,,,,,,,,,,,,,,
,,,,,,,,,,,,,,,,,,,,,,,,,,,,,,,,,,,,,,,
,FP1,,,,,,,,FP2,,,,,,,,FP3,,,,,,,,QUALI,,,,,,,,RACE,,,,,,
Position,Result,Dad,Mom,Quincey,Wynn,Paige,Rees,Position,Result,Dad,Mom,Quincey,Wynn,Paige,Rees,Position,Result,Dad,Mom,Quincey,Wynn,Paige,Rees,Position,Result,Dad,Mom,Quincey,Wynn,Paige,Rees,Position,Result,Dad,Mom,Quincey,Wynn,Paige,Rees
1,Russell,Hamilton,Russell,Hamilton,Hamilton,Russell,Hamilton,1,Norris,Piastri,Leclerc,Hamilton,Antonelli,Norris,Antonelli,1,Russell,Piastri,Antonelli,Leclerc,Antonelli,Russell,Leclerc,1,Russell,Russell,Russell,Antonelli,Russell,Russell,Antonelli,1,Hamilton,Russell,Russell,Antonelli,Antonelli,Antonelli,Antonelli
2,Piastri,Russell,Hamilton,Piastri,Antonelli,Antonelli,Antonelli,2,Russell,Hamilton,Russell,Leclerc,Hamilton,Leclerc,Leclerc,2,Piastri,Norris,Russell,Russell,Leclerc,Hamilton,Russell,2,Hamilton,Antonelli,Antonelli,Hamilton,Antonelli,Antonelli,Russell,2,Russell,Antonelli,Antonelli,Hamilton,Russell,Russell,Hamilton
3,Leclerc,Leclerc,Antonelli,Antonelli,Verstappen,Hamilton,Verstappen,3,Piastri,Russell,Piastri,Verstappen,Leclerc,Verstappen,Russell,3,Leclerc,Russell,Hamilton,Antonelli,Piastri,Antonelli,Antonelli,3,Antonelli,Piastri,Hamilton,Leclerc,Hamilton,Leclerc,Verstappen,3,Norris,Piastri,Hamilton,Leclerc,Leclerc,Leclerc,Russell
,SCORE,4,3,3,0,3,0,,SCORE,2,6,0,0,3,1,,SCORE,2,1,2,2,3,2,4,Norris,Hamilton,Piastri,Russell,Verstappen,Hamilton,Hamilton,4,Verstappen,Verstappen,Verstappen,Norris,Hamilton,Piastri,Norris
,,,,,,,,,,,,,,,,,,,,,,,,5,Verstappen,Norris,Leclerc,Norris,Leclerc,Norris,Piastri,5,Piastri,Hamilton,Piastri,Russell,Verstappen,Verstappen,Verstappen
,,,,,,,,,,,,,,,,,,,,,,,,6,Hadjar,Leclerc,Verstappen,Verstappen,Norris,Verstappen,Leclerc,6,Hadjar,Norris,Hadjar,Piastri,Norris,Norris,Norris
,Other predictions:,,,,,,,Result,SCORE,,,,,,,,,,,,,,,7,Piastri,Verstappen,Norris,Piastri,Piastri,Piastri,Norris,7,Gasly,Gasly,Norris,Verstappen,Piastri,Hamilton,Leclerc
Dad,1),"Russell finishes ahead of Antonelli in every session including the race",,,,,,TRUE,6,,,,,,,,,,,,,,,8,Lawson,Hadjar,Hadjar,Lawson,Hadjar,Hadjar,Hadjar,8,Lawson,Hadjar,Leclerc,Hadjar,Hadjar,Gasly,Hadjar
,2),Kim offers apology to Kimi for towel inchident ,,,,,,TRUE,,,,,,,,,,,,,,,,9,Hulkenburg,Gasly,Alonso,Hadjar,Lawson,Lawson,Gasly,9,Lindblad,Leclerc,Sainz,Hulkenburg,Gasly,Hadjar,Gasly
,3),One driver will get penalized for pit speed and they will not serve it during race. ,,,,,,FALSE,,,,,,,,,,,,,,,,10,Leclerc,Ocon,Sainz,Hulkenburg,Sainz,Hulkenburg,Albon,10,Colapinto,Ocon,Bearman,Bortoleto,Lawson,Hulkenburg,Albon
Mom,1),,,,,,,FALSE,0,,,,,,,,,,,,,,,,SCORE,16,16,26,21,22,11,11,Bortoleto,Sainz,Alonso,Lawson,Bearman,Lawson,Lawson
,2),,,,,,,FALSE,,,,,,,,,,,,,,,,,,,,,,,,12,Sainz,Albon,Hulkenburg,Albon,Sainz,Bortoleto,Bearman
,3),,,,,,,FALSE,,,,,,,,,,,,,,,,,,,,,,,,13,Ocon,Colapinto,Ocon,Gasly,Bortoleto,Sainz,Hulkenburg
Quincey,1),Both Audis make it to Q3,,,,,,FALSE,3,,,,,,,,,,,,,,,,,,,,,,,14,Perez,Bearman,Stroll,Colapinto,Hulkenburg,Colapinto,Ocon
,2),Someone makes 4+ pit stops during the race,,,,,,TRUE,,,,,,,,,,,,,,,,,,,,,,,,15,Leclerc,Lindblad,Gasly,Sainz,Ocon,Ocon,Colapinto
,3),Announcers mention by name which manufacturer won Le Mans this year,,,,,,FALSE,,,,,,,,,,,,,,,,,,,,,,,,16,Antonelli,Lawson,Lawson,Perez,Lindblad,Lindblad,Bearman
Wynn,1),,,,,,,FALSE,0,,,,,,,,,,,,,,,,,,,,,,,17,Bearman,Hulkenburg,Bortoleto,Alonso,Albon,Alonso,Alonso
,2),,,,,,,FALSE,,,,,,,,,,,,,,,,,,,,,,,,18,Albon,Bortoleto,Colapinto,Lindblad,Alonso,Albon,Stroll
,3),,,,,,,FALSE,,,,,,,,,,,,,,,,,,,,,,,,19,Alonso,Alonso,Bottas,Stroll,Stroll,Perez,Bottas
Paige,1),VESTI FIRST PLACE IN HIS PRACTICE,,,,,,FALSE,3,,,,,,,,,,,,,,,,,,,,,,,20,Hulkenburg,Perez,Lindblad,Ocon,Perez,Stroll,Bortoleto
,2),Russell returns to podium,,,,,,TRUE (but stupid),,,,,,,,,,,,,,,,,,,,,,,,21,Bottas,Stroll,Perez,Bottas,Bottas,Bottas,Lindblad
,3),An Audi finished above both Alpine drivers and both Haas drivers,,,,,,FALSE,,,,,,,,,,,,,,,,,,,,,,,,22,Stroll,Bottas,Albon,Bearman,Colapinto,Bearman,Sainz
Rees,1),During the race the commentators talk about the contact between Russell and Verstappen last year,,,,,,FALSE,0,,,,,,,,,,,,,,,,,,,,,,,,SCORE,145,170,105,160,150,130
,2),Hadjar punches his car,,,,,,FALSE,,,,,,,,,,,,,,,,,,,,,,,,,,,,,,,
,3),Haas double points,,,,,,FALSE,,,,,,,,,,,,,,,,,,,,,,,,,,,,,,,